category,n_positive,PRESERVED,SPLIT,OVERSIZED,NO_COVERAGE,preservation_rate_pct
Unlimited/All-You-Can-Eat-License,26,25,1,0,0,96.2
Price Restrictions,27,26,1,0,0,96.3
Competitive Restriction Exception,98,96,2,0,0,98.0
Renewal Term,179,176,3,0,0,98.3
Source Code Escrow,61,60,1,0,0,98.4
No-Solicit Of Employees,73,72,1,0,0,98.6
Minimum Commitment,336,332,4,0,0,98.8
Notice Period To Terminate Renewal,104,103,1,0,0,99.0
Liquidated Damages,98,97,1,0,0,99.0
Post-Termination Services,368,365,3,0,0,99.2
Irrevocable Or Perpetual License,142,141,1,0,0,99.3
Rofr/Rofo/Rofn,299,297,2,0,0,99.3
Revenue/Profit Sharing,331,329,2,0,0,99.4
Exclusivity,332,330,2,0,0,99.4
Insurance,443,441,2,0,0,99.5
License Grant,642,639,3,0,0,99.5
Non-Compete,200,199,1,0,0,99.5
Ip Ownership Assignment,257,256,1,0,0,99.6
Cap On Liability,554,552,2,0,0,99.6
Audit Rights,538,537,1,0,0,99.8
Anti-Assignment,517,516,1,0,0,99.8
Termination For Convenience,205,205,0,0,0,100.0
Third Party Beneficiary,28,28,0,0,0,100.0
Parties,2011,2011,0,0,0,100.0
Uncapped Liability,151,151,0,0,0,100.0
Non-Transferable License,255,255,0,0,0,100.0
Affiliate License-Licensee,88,88,0,0,0,100.0
No-Solicit Of Customers,43,43,0,0,0,100.0
Most Favored Nation,35,35,0,0,0,100.0
Volume Restriction,136,136,0,0,0,100.0
Joint Ip Ownership,101,101,0,0,0,100.0
Governing Law,374,374,0,0,0,100.0
Expiration Date,384,384,0,0,0,100.0
Effective Date,363,363,0,0,0,100.0
Document Name,419,419,0,0,0,100.0
Covenant Not To Sue,129,129,0,0,0,100.0
Change Of Control,191,191,0,0,0,100.0
Agreement Date,383,383,0,0,0,100.0
Affiliate License-Licensor,49,49,0,0,0,100.0
Non-Disparagement,53,53,0,0,0,100.0
Warranty Duration,157,157,0,0,0,100.0
